label,lon,lat,alt
frame0.png,17.7654513,-25.99907,939.601
frame1.png,17.7654513,-25.99907,939.6018333341281
frame2.png,17.7654513,-25.99907,939.6026666682561
frame3.png,17.7654513,-25.99907002500006,939.602749999404
frame4.png,17.7654513,-25.99907006666667,939.6023333333333
frame5.png,17.7654513,-25.999070108333296,939.6018333341281
frame6.png,17.7654513,-25.99907015,939.601
frame7.png,17.7654513,-25.999070191666704,939.6001666658719
frame8.png,17.76545133333333,-25.9990702,939.6006666666667
frame9.png,17.76545137499994,-25.9990702,939.6014999988079
frame10.png,17.7654514,-25.999070216666585,939.6024999976158
frame11.png,17.7654514,-25.999070258333294,939.6037499988079
frame12.png,17.7654514,-25.9990703,939.605
frame13.png,17.765451441666706,-25.9990703,939.604166665872
frame14.png,17.765451483333415,-25.9990703,939.6033333317438
frame15.png,17.7654515,-25.99907032500006,939.6035000011921
frame16.png,17.7654515,-25.99907036666667,939.6043333333333
frame17.png,17.7654515,-25.999070408333296,939.605083332936
frame18.png,17.7654515,-25.999070449999998,939.6055
frame19.png,17.7654515,-25.999070491666703,939.605916667064
frame20.png,17.765451533333334,-25.99907053333333,939.604
frame21.png,17.76545157499994,-25.99907057499994,939.6015000035762
frame22.png,17.7654516,-25.9990706,939.6003333317439
frame23.png,17.7654516,-25.9990706,939.6011666658719
frame24.png,17.7654516,-25.9990706,939.602
frame25.png,17.7654516,-25.999070641666705,939.602
frame26.png,17.7654516,-25.999070683333414,939.602
frame27.png,17.765451625000058,-25.99907075000012,939.6007499970198
frame28.png,17.765451666666667,-25.999070833333334,939.5986666666666
frame29.png,17.765451708333295,-25.999070916666586,939.597083332936
frame30.png,17.76545175,-25.999071,939.5975
frame31.png,17.765451791666706,-25.999071083333412,939.5979166670639
frame32.png,17.7654518,-25.999071166666667,939.5989999999999
frame33.png,17.7654518,-25.99907124999988,939.6002499982119
frame34.png,17.765451816666587,-25.999071349999763,939.5995000071525
frame35.png,17.765451858333293,-25.99907147499988,939.5957500035763
frame36.png,17.7654519,-25.9990716,939.592
frame37.png,17.765451941666704,-25.999071683333412,939.5940833353202
frame38.png,17.765451983333413,-25.999071766666827,939.5961666706403
frame39.png,17.765452050000118,-25.99907187500018,939.5949999952317
frame40.png,17.765452133333334,-25.999071999999998,939.5916666666667
frame41.png,17.765452208333294,-25.999072133333176,939.589166665872
frame42.png,17.76545225,-25.9990723,939.59
frame43.png,17.765452291666705,-25.999072466666824,939.5908333341281
frame44.png,17.765452333333332,-25.9990726,939.591
frame45.png,17.765452374999942,-25.99907272499982,939.591
frame46.png,17.765452433333174,-25.99907286666635,939.5911666658719
frame47.png,17.76545251666659,-25.999073033333175,939.591583332936
frame48.png,17.7654526,-25.9990732,939.592
frame49.png,17.76545268333341,-25.999073408333533,939.592416667064
frame50.png,17.765452766666826,-25.999073616667065,939.592833334128
frame51.png,17.76545285000012,-25.999073850000357,939.5917499970197
frame52.png,17.765452933333332,-25.9990741,939.5896666666666
frame53.png,17.765453024999882,-25.999074349999763,939.588
frame54.png,17.76545315,-25.9990746,939.588
frame55.png,17.76545327500012,-25.999074850000238,939.588
frame56.png,17.765453400000002,-25.9990751,939.5923333333333
frame57.png,17.76545352499982,-25.999075349999643,939.5977499922514
frame58.png,17.765453649999763,-25.999075633332698,939.6000000047684
frame59.png,17.76545377499988,-25.999075966666346,939.5975000023842
frame60.png,17.7654539,-25.9990763,939.595
frame61.png,17.765454066666827,-25.99907663333365,939.5958333341281
frame62.png,17.76545423333365,-25.999076966667303,939.5966666682561
frame63.png,17.765454400000237,-25.99907732500054,939.597
frame64.png,17.765454566666666,-25.9990777,939.597
frame65.png,17.765454741666467,-25.999078074999645,939.5974166646798
frame66.png,17.76545495,-25.99907845,939.5995
frame67.png,17.765455158333534,-25.999078825000357,939.6015833353201
frame68.png,17.765455366666668,-25.999079300000002,939.5993333333333
frame69.png,17.765455574999702,-25.999079799999286,939.5960000047684
frame70.png,17.765455783332936,-25.999080299999047,939.5948333293597
frame71.png,17.765455991666467,-25.999080799999522,939.5969166646798
frame72.png,17.7654562,-25.9990813,939.599
frame73.png,17.765456450000237,-25.999081841667184,939.5977499988079
frame74.png,17.765456700000477,-25.99908238333437,939.5964999976159
frame75.png,17.765456975000415,-25.999082950000837,939.596250000596
frame76.png,17.765457266666665,-25.999083533333334,939.5966666666667
frame77.png,17.76545756666635,-25.999084124999403,939.5971666658719
frame78.png,17.7654579,-25.99908475,939.598
frame79.png,17.76545823333365,-25.999085375000597,939.5988333341281
frame80.png,17.765458533333334,-25.999086033333334,939.6013333333334
frame81.png,17.765458824999584,-25.999086699999047,939.6042499958277
frame82.png,17.765459149999284,-25.999087383331982,939.606
frame83.png,17.765459524999642,-25.999088091665993,939.606
frame84.png,17.7654599,-25.9990888,939.606
frame85.png,17.765460275000358,-25.99908959166742,939.6022499964237
frame86.png,17.765460650000716,-25.999090383334842,939.5984999928475
frame87.png,17.765461050000596,-25.999091175001134,939.5959999976158
frame88.png,17.765461466666668,-25.99909196666667,939.5943333333333
frame89.png,17.765461899999522,-25.99909275833258,939.5931666658719
frame90.png,17.7654624,-25.99909355,939.594
frame91.png,17.76546290000048,-25.999094341667423,939.5948333341281
frame92.png,17.7654634,-25.999095200000003,939.594
frame93.png,17.765463899999286,-25.99909607499875,939.5927500017881
frame94.png,17.765464399999047,-25.99909696666492,939.6013332888285
frame95.png,17.76546489999952,-25.99909788333246,939.6246666444142
frame96.png,17.7654654,-25.9990988,939.648
frame97.png,17.76546598333389,-25.99909971666754,939.6592500107289
frame98.png,17.76546656666778,-25.999100633335082,939.6705000214577
frame99.png,17.76546722500101,-25.99910155000131,939.6805000131129
frame100.png,17.765467933333333,-25.999102466666667,939.6896666666667
frame101.png,17.765468641665993,-25.99910338333246,939.6974166646798
frame102.png,17.76546935,-25.9991043,939.6995
frame103.png,17.765470058334007,-25.99910521666754,939.7015833353202
frame104.png,17.76547083333333,-25.999106100000002,939.694
frame105.png,17.765471624998867,-25.99910697499875,939.6840000143051
frame106.png,17.76547241666516,-25.999107899998094,939.6788333293597
frame107.png,17.76547320833258,-25.999108899999047,939.6809166646798
frame108.png,17.765474,-25.9991099,939.683
frame109.png,17.76547491666754,-25.999110900000954,939.6875833377043
frame110.png,17.76547583333508,-25.999111900001907,939.6921666754087
frame111.png,17.76547672500125,-25.99911292500149,939.6965000059604
frame112.png,17.7654776,-25.999113966666666,939.7006666666666
frame113.png,17.765478491665753,-25.999115016665634,939.7050833281676
frame114.png,17.76547945,-25.999116100000002,939.7104999999999
frame115.png,17.76548040833425,-25.999117183334366,939.7159166718324
frame116.png,17.765481466666667,-25.999118166666666,939.7243333333333
frame117.png,17.76548254999845,-25.99911912499863,939.7334999868871
frame118.png,17.76548366666444,-25.99912011666468,939.7413333222072
frame119.png,17.76548483333222,-25.99912115833234,939.7471666611036
frame120.png,17.765486,-25.9991222,939.753
frame121.png,17.76548725000119,-25.999123158334246,939.7446666587193
frame122.png,17.765488500002384,-25.999124116668494,939.7363333174387
frame123.png,17.765489750001787,-25.999125100001432,939.733750001788
frame124.png,17.765490999999997,-25.9991261,939.735
frame125.png,17.7654922583321,-25.999127091665752,939.7365833305518
frame126.png,17.76549355,-25.99912805,939.7395
frame127.png,17.7654948416679,-25.999129008334247,939.7424166694483
frame128.png,17.765496199999998,-25.999129999999997,939.7453333333334
frame129.png,17.765497574998033,-25.999130999998567,939.7482499958277
frame130.png,17.765498983330552,-25.99913199999809,939.7511666611035
frame131.png,17.765500441665274,-25.999132999999045,939.7540833305518
frame132.png,17.7655019,-25.999134,939.757
frame133.png,17.765503400001432,-25.999135000000955,939.7595000023841
frame134.png,17.76550490000286,-25.999136000001908,939.7620000047684
frame135.png,17.765506475002326,-25.999136900001194,939.7712500196695
frame136.png,17.765508099999998,-25.999137733333335,939.7850000000001
frame137.png,17.765509733331744,-25.99913856666587,939.7965833305518
frame138.png,17.7655114,-25.9991394,939.7995000000001
frame139.png,17.765513066668255,-25.99914023333413,939.8024166694482
frame140.png,17.765514666666668,-25.999141033333334,939.7993333333334
frame141.png,17.765516249997734,-25.999141824998866,939.7947500065566
frame142.png,17.76551786666349,-25.999142666664916,939.7928333293597
frame143.png,17.765519533331744,-25.999143583332458,939.7949166646798
frame144.png,17.7655212,-25.9991445,939.797
frame145.png,17.76552290833496,-25.99914529166742,939.7903333269755
frame146.png,17.765524616669925,-25.999146083334843,939.783666653951
frame147.png,17.765526325002444,-25.999146875001134,939.7764999892712
frame148.png,17.765528033333332,-25.99914766666667,939.769
frame149.png,17.765529758331624,-25.999148441665994,939.763249998808
frame150.png,17.76553155,-25.99914915,939.7645
frame151.png,17.765533341668373,-25.999149858334007,939.765750001192
frame152.png,17.7655353,-25.999150433333334,939.762
frame153.png,17.76553729999714,-25.999150974999225,939.7570000071526
frame154.png,17.76553933332936,-25.999151566665397,939.7589999761582
frame155.png,17.765541416664682,-25.999152233332698,939.7714999880791
frame156.png,17.7655435,-25.9991529,939.784
frame157.png,17.76554537500179,-25.999153650000714,939.7877500035763
frame158.png,17.765547250003575,-25.99915440000143,939.7915000071525
frame159.png,17.76554922500292,-25.999155075000893,939.7864999845028
frame160.png,17.765551266666666,-25.9991557,939.7756666666667
frame161.png,17.765553299998093,-25.999156316666113,939.7655833400886
frame162.png,17.7655553,-25.999156900000003,939.7585
frame163.png,17.765557300001905,-25.99915748333389,939.7514166599115
frame164.png,17.765559366666665,-25.999158066666666,939.752
frame165.png,17.76556144999702,-25.999158649999163,939.7544999964238
frame166.png,17.765563549995946,-25.99915918333246,939.7583333222071
frame167.png,17.765565674997973,-25.99915964166623,939.7641666611036
frame168.png,17.7655678,-25.9991601,939.77
frame169.png,17.765569925002026,-25.999160516667065,939.769583332936
frame170.png,17.765572050004053,-25.999160933334128,939.7691666658719
frame171.png,17.765574200003098,-25.999161400000713,939.7662499934435
frame172.png,17.765576366666664,-25.999161899999997,939.7616666666667
frame173.png,17.765578533331265,-25.99916239166623,939.7589166622957
frame174.png,17.7655807,-25.999162849999998,939.7635
frame175.png,17.765582866668733,-25.99916330833377,939.7680833377043
frame176.png,17.765585066666667,-25.9991638,939.7703333333334
frame177.png,17.765587274996843,-25.999164299999286,939.7719999976158
frame178.png,17.765589516662295,-25.99916476666587,939.7749999904632
frame179.png,17.76559180833115,-25.999165183332938,939.7799999952316
frame180.png,17.7655941,-25.9991656,939.785
frame181.png,17.765596350002145,-25.99916597500036,939.7804166622957
frame182.png,17.765598600004292,-25.999166350000717,939.7758333245913
frame183.png,17.76560087500328,-25.99916672500054,939.7755000035762
frame184.png,17.76560316666667,-25.9991671,939.778
frame185.png,17.765605466664443,-25.99916746666635,939.7813333269755
frame186.png,17.765607799999998,-25.999167800000002,939.788
frame187.png,17.765610133335556,-25.99916813333365,939.7946666730245
frame188.png,17.765612466666667,-25.999168433333335,939.802
frame189.png,17.765614799996662,-25.999168724999585,939.8094999892712
frame190.png,17.765617133328885,-25.999169016666112,939.8116666777928
frame191.png,17.765619466664443,-25.999169308333055,939.8058333388964
frame192.png,17.7656218,-25.9991696,939.8
frame193.png,17.765624175002266,-25.999169850000236,939.7908333245913
frame194.png,17.76562655000453,-25.999170100000477,939.7816666491826
frame195.png,17.765628975003516,-25.999170425000536,939.7810000071526
frame196.png,17.765631433333333,-25.9991708,939.786
frame197.png,17.765633874997732,-25.999171158333056,939.7912499940395
frame198.png,17.76563625,-25.99917145,939.7974999999999
frame199.png,17.765638625002268,-25.999171741666945,939.8037500059604
frame200.png,17.765640933333334,-25.9991718,939.798
frame201.png,17.765643224996722,-25.9991718,939.789250012517
frame202.png,17.765645583328645,-25.999171866666348,939.7816666777928
frame203.png,17.765648041664324,-25.999172033333174,939.7758333388964
frame204.png,17.7656505,-25.9991722,939.77
frame205.png,17.765653000002384,-25.999172450000238,939.7745833377043
frame206.png,17.76565550000477,-25.99917270000048,939.7791666754086
frame207.png,17.765657925003396,-25.99917287500018,939.7787499946355
frame208.png,17.7656603,-25.999173,939.775
frame209.png,17.765662716664202,-25.999173133333176,939.7717500011921
frame210.png,17.765665300000002,-25.999173300000002,939.7705000000001
frame211.png,17.765667883335798,-25.999173466666825,939.7692499988079
frame212.png,17.76567053333333,-25.999173600000002,939.781
frame213.png,17.765673199996186,-25.99917372499982,939.7959999785423
frame214.png,17.76567586666158,-25.99917386666635,939.8046666682561
frame215.png,17.76567853333079,-25.999174033333173,939.8038333341281
frame216.png,17.7656812,-25.9991742,939.803
frame217.png,17.765683700002384,-25.999174241666704,939.7913333222072
frame218.png,17.76568620000477,-25.999174283333414,939.7796666444142
frame219.png,17.765688725003635,-25.99917440000024,939.7767500041723
frame220.png,17.765691266666664,-25.999174566666667,939.7796666666667
frame221.png,17.765693799997614,-25.999174716666587,939.7826666634878
frame222.png,17.765696300000002,-25.9991748,939.7860000000001
frame223.png,17.765698800002387,-25.999174883333414,939.7893333365122
frame224.png,17.76570136666667,-25.999174933333332,939.786
frame225.png,17.765703949996304,-25.999174974999942,939.7810000071526
frame226.png,17.765706583328168,-25.99917506666635,939.7803333222072
frame227.png,17.765709291664084,-25.999175233333172,939.7861666611036
frame228.png,17.765712,-25.9991754,939.792
frame229.png,17.765714625002502,-25.99917552500012,939.8032500107289
frame230.png,17.765717250005007,-25.999175650000236,939.8145000214577
frame231.png,17.765719900003813,-25.99917577500018,939.8240000119209
frame232.png,17.765722566666668,-25.999175899999997,939.8323333333334
frame233.png,17.76572523333079,-25.999176033333175,939.8398333293597
frame234.png,17.765727899999998,-25.9991762,939.844
frame235.png,17.76573056666921,-25.999176366666823,939.8481666706404
frame236.png,17.765733233333332,-25.9991765,939.8546666666667
frame237.png,17.765735899996187,-25.99917662499982,939.8617499898672
frame238.png,17.76573858332817,-25.999176716666586,939.8628333484331
frame239.png,17.765741291664085,-25.999176758333295,939.8549166742166
frame240.png,17.765744,-25.9991768,939.847
frame241.png,17.765746750002624,-25.99917692500012,939.8540833400886
frame242.png,17.765749500005246,-25.999177050000238,939.8611666801771
frame243.png,17.765752250003935,-25.999177250000358,939.8732500220538
frame244.png,17.765755,-25.999177500000002,939.8886666666666
frame245.png,17.765757749997377,-25.999177724999882,939.9016666634877
frame246.png,17.7657605,-25.999177850000002,939.905
frame247.png,17.76576325000262,-25.99917797500012,939.9083333365122
frame248.png,17.765765966666667,-25.999178133333334,939.912
frame249.png,17.765768674996124,-25.999178299999762,939.9157499946356
frame250.png,17.76577141666134,-25.999178449999764,939.9211666515669
frame251.png,17.765774208330672,-25.99917857499988,939.9290833257834
frame252.png,17.765777,-25.9991787,939.937
frame253.png,17.765779708335916,-25.999178825000122,939.9307499940395
frame254.png,17.765782416671833,-25.99917895000024,939.9244999880791
frame255.png,17.765785175003995,-25.9991791250003,939.9245000059605
frame256.png,17.765787966666668,-25.999179333333334,939.9286666666667
frame257.png,17.76579079999714,-25.999179541666468,939.9330833281676
frame258.png,17.7657938,-25.99917975,939.9385
frame259.png,17.76579680000286,-25.99917995833353,939.9439166718324
frame260.png,17.765799666666666,-25.999180166666665,939.9580000000001
frame261.png,17.76580249999595,-25.999180374999703,939.9742499767542
frame262.png,17.765805366661105,-25.999180583332937,939.9831666706403
frame263.png,17.765808283330554,-25.99918079166647,939.9810833353202
frame264.png,17.7658112,-25.999181,939.979
frame265.png,17.765814075002744,-25.999181208333532,939.979416667064
frame266.png,17.765816950005483,-25.999181416667064,939.9798333341281
frame267.png,17.765819850004174,-25.999181625000297,939.985250012517
frame268.png,17.765822766666666,-25.999181833333335,939.994
frame269.png,17.76582567499726,-25.999182033333174,940.000750001192
frame270.png,17.765828550000002,-25.9991822,939.9995
frame271.png,17.76583142500274,-25.999182366666826,939.998249998808
frame272.png,17.765834466666668,-25.999182666666666,940.0036666666667
frame273.png,17.765837549995588,-25.999182999999523,940.0107499898672
frame274.png,17.765840599994277,-25.999183299999522,940.0223332983652
frame275.png,17.76584359999714,-25.999183549999763,940.0406666491826
frame276.png,17.7658466,-25.9991838,940.059
frame277.png,17.76584960000286,-25.999184008333533,940.0602500011921
frame278.png,17.765852600005722,-25.999184216667064,940.0615000023842
frame279.png,17.76585560000429,-25.999184450000357,940.0645000059604
frame280.png,17.7658586,-25.9991847,940.0686666666667
frame281.png,17.76586159999714,-25.999184949999762,940.0730833281676
frame282.png,17.7658646,-25.9991852,940.0785000000001
frame283.png,17.76586760000286,-25.999185450000237,940.0839166718324
frame284.png,17.765870666666668,-25.999185733333334,940.0826666666667
frame285.png,17.76587374999559,-25.999186024999585,940.0797500041723
frame286.png,17.765876799994277,-25.999186299999522,940.0826666444142
frame287.png,17.76587979999714,-25.999186549999763,940.0943333222071
frame288.png,17.7658828,-25.9991868,940.106
frame289.png,17.765885883336274,-25.999187050000238,940.1160000095367
frame290.png,17.76588896667255,-25.99918730000048,940.1260000190734
frame291.png,17.765892075004473,-25.999187575000416,940.1350000119209
frame292.png,17.7658952,-25.999187866666666,940.1433333333333
frame293.png,17.76589832499702,-25.999188158333055,940.1540833138624
frame294.png,17.76590145,-25.99918845,940.1745
frame295.png,17.765904575002978,-25.999188741666945,940.1949166861375
frame296.png,17.765907733333332,-25.999189033333334,940.1973333333333
frame297.png,17.76591089999547,-25.999189324999584,940.1952500029802
frame298.png,17.765914049994038,-25.99918961666611,940.1994999737739
frame299.png,17.76591717499702,-25.999189908333054,940.2132499868869
frame300.png,17.7659203,-25.9991902,940.227
frame301.png,17.765923508336392,-25.999190491666944,940.2353333412806
frame302.png,17.765926716672784,-25.999190783333887,940.2436666825612
frame303.png,17.76592992500459,-25.999191075000414,940.247
frame304.png,17.765933133333334,-25.999191366666665,940.247
frame305.png,17.765936341663608,-25.99919166666635,940.2486666587193
frame306.png,17.76593955,-25.999192,940.2570000000001
frame307.png,17.765942758336394,-25.99919233333365,940.2653333412807
frame308.png,17.765946,-25.999192633333333,940.269
frame309.png,17.76594924999535,-25.999192924999583,940.2714999964238
frame310.png,17.765952516660388,-25.99919321666611,940.2733333317439
frame311.png,17.765955808330194,-25.999193508333054,940.2741666658719
frame312.png,17.7659591,-25.9991938,940.275
frame313.png,17.76596243333651,-25.999194133333653,940.2795833377043
frame314.png,17.765965766673027,-25.9991944666673,940.2841666754086
frame315.png,17.765969100004767,-25.999194800000478,940.2907500113248
frame316.png,17.76597243333333,-25.999195133333334,940.2986666666666
frame317.png,17.76597577499678,-25.999195458333055,940.3059999952316
frame318.png,17.76597915,-25.99919575,940.3109999999999
frame319.png,17.76598252500322,-25.999196041666945,940.3160000047684
frame320.png,17.765985866666668,-25.999196366666666,940.3236666666667
frame321.png,17.765989199995232,-25.999196699999523,940.3319999880791
frame322.png,17.765992549993562,-25.999197016666113,940.3351666754087
frame323.png,17.76599592499678,-25.999197308333056,940.3305833377043
frame324.png,17.7659993,-25.9991976,940.326
frame325.png,17.76600280000334,-25.999197891666945,940.3397500131131
frame326.png,17.766006300006676,-25.99919818333389,940.3535000262261
frame327.png,17.766009775004946,-25.999198500000475,940.3587499994039
frame328.png,17.766013233333332,-25.99919883333333,940.3583333333333
frame329.png,17.76601669166337,-25.99919914999976,940.3602499892711
frame330.png,17.766020150000003,-25.9991994,940.3715
frame331.png,17.76602360833663,-25.999199650000236,940.3827500107288
frame332.png,17.766027133333335,-25.999199933333333,940.389
frame333.png,17.766030674994933,-25.999200224999583,940.3939999928475
frame334.png,17.766034166660152,-25.99920051666611,940.3915000262261
frame335.png,17.766037583330075,-25.999200808333054,940.3777500131131
frame336.png,17.766041,-25.9992011,940.364
frame337.png,17.76604458333675,-25.999201391666947,940.3694166718324
frame338.png,17.7660481666735,-25.99920168333389,940.3748333436648
frame339.png,17.766051775005185,-25.999201975000418,940.3835000154971
frame340.png,17.7660554,-25.999202266666668,940.3943333333333
frame341.png,17.766059024996544,-25.99920254999976,940.4039999952316
frame342.png,17.766062650000002,-25.9992028,940.409
frame343.png,17.766066275003457,-25.999203050000236,940.4140000047684
frame344.png,17.766069866666665,-25.999203299999998,940.417
frame345.png,17.766073449994874,-25.999203549999642,940.4194999964237
frame346.png,17.766077049993086,-25.99920381666611,940.4161666897139
frame347.png,17.766080674996545,-25.999204108333053,940.404083344857
frame348.png,17.7660843,-25.9992044,940.392
frame349.png,17.766087925003458,-25.999204650000237,940.3957500035763
frame350.png,17.766091550006916,-25.99920490000048,940.3995000071525
frame351.png,17.766095200005246,-25.999205175000416,940.4037500065565
frame352.png,17.766098866666667,-25.999205466666666,940.4083333333333
frame353.png,17.76610254166313,-25.999205749999764,940.412083332936
frame354.png,17.76610625,-25.999206,940.4125
frame355.png,17.76610995833687,-25.99920625000024,940.412916667064
frame356.png,17.7661137,-25.999206533333332,940.4173333333333
frame357.png,17.766117449994635,-25.999206824999582,940.4227499922514
frame358.png,17.76612118332626,-25.99920709999952,940.4271666611036
frame359.png,17.76612489166313,-25.99920734999976,940.4300833305518
frame360.png,17.7661286,-25.9992076,940.433
frame361.png,17.766132350003577,-25.99920785000024,940.4275833281675
frame362.png,17.766136100007152,-25.999208100000477,940.4221666563351
frame363.png,17.766139850005363,-25.999208375000418,940.4215000035763
frame364.png,17.7661436,-25.999208666666668,940.424
frame365.png,17.766147358329718,-25.999208949999762,940.4253333365123
frame366.png,17.76615115,-25.9992092,940.422
frame367.png,17.76615494167028,-25.999209450000237,940.4186666634878
frame368.png,17.76615873333333,-25.999209699999998,940.4183333333333
frame369.png,17.766162524994574,-25.999209949999642,940.418749999404
frame370.png,17.766166316659433,-25.99921021666611,940.4223333174388
frame371.png,17.766170108329717,-25.999210508333054,940.4306666587194
frame372.png,17.7661739,-25.9992108,940.439
frame373.png,17.766177816670403,-25.999211050000238,940.426083321015
frame374.png,17.766181733340805,-25.99921130000048,940.4131666420301
frame375.png,17.766185575005427,-25.999211575000416,940.4117500089407
frame376.png,17.76618936666667,-25.999211866666666,940.418
frame377.png,17.766193183329598,-25.999212149999764,940.4225000023841
frame378.png,17.7661971,-25.9992124,940.4200000000001
frame379.png,17.766201016670404,-25.99921265000024,940.4174999976159
frame380.png,17.766204866666666,-25.999212933333332,940.4203333333334
frame381.png,17.766208699994515,-25.999213224999583,940.4244999940396
frame382.png,17.766212599992368,-25.999213483332934,940.4240000143052
frame383.png,17.766216599996184,-25.99921369166647,940.4165000071525
frame384.png,17.7662206,-25.9992139,940.409
frame385.png,17.766224475003696,-25.999214191666944,940.4102500011921
frame386.png,17.766228350007392,-25.999214483333887,940.4115000023842
frame387.png,17.766232225005542,-25.999214775000414,940.417250012517
frame388.png,17.7662361,-25.999215066666665,940.426
frame389.png,17.76624000832948,-25.999215341666467,940.4321666706403
frame390.png,17.76624405,-25.999215550000002,940.428
frame391.png,17.766248091670523,-25.999215758333534,940.4238333293597
frame392.png,17.766252033333334,-25.99921606666667,940.427
frame393.png,17.7662559499944,-25.999216399999526,940.4319999928474
frame394.png,17.76625989999237,-25.999216699999522,940.4300000238418
frame395.png,17.766263899996186,-25.999216949999763,940.4175000119209
frame396.png,17.7662679,-25.9992172,940.405
frame397.png,17.7662718166704,-25.999217533333653,940.4241666849455
frame398.png,17.7662757333408,-25.9992178666673,940.4433333698909
frame399.png,17.76627975000584,-25.999218150000356,940.444999985695
frame400.png,17.766283833333333,-25.9992184,940.4350000000001
frame401.png,17.766287916662773,-25.999218666666348,940.4267500011921
frame402.png,17.766292,-25.999219,940.4255
frame403.png,17.766296083337227,-25.999219333333652,940.4242499988079
frame404.png,17.7663001,-25.99921966666667,940.4273333333333
frame405.png,17.766304099994276,-25.999219999999525,940.4314999940395
frame406.png,17.766308133325545,-25.99922031666611,940.4333333365122
frame407.png,17.766312216662772,-25.999220608333054,940.4316666682561
frame408.png,17.7663163,-25.9992209,940.43
frame409.png,17.766320383337227,-25.999221233333653,940.4249999952316
frame410.png,17.766324466674455,-25.999221566667302,940.4199999904632
frame411.png,17.76632860000596,-25.999221825000298,940.4167499970198
frame412.png,17.766332766666668,-25.999222033333332,940.4146666666667
frame413.png,17.766336916662773,-25.999222274999642,940.4134166646799
frame414.png,17.766341,-25.99922265,940.4155000000001
frame415.png,17.766345083337228,-25.999223025000354,940.4175833353202
frame416.png,17.7663492,-25.9992233,940.4166666666666
frame417.png,17.7663533249941,-25.999223549999645,940.4150000023842
frame418.png,17.766357483325304,-25.999223816666113,940.4131666706403
frame419.png,17.766361691662652,-25.999224108333056,940.4110833353202
frame420.png,17.7663659,-25.9992244,940.409
frame421.png,17.76637006667064,-25.999224775000357,940.4177500083447
frame422.png,17.76637423334128,-25.999225150000715,940.4265000166893
frame423.png,17.76637840000596,-25.999225475000415,940.4234999845028
frame424.png,17.766382566666667,-25.999225766666665,940.4126666666666
frame425.png,17.76638675832924,-25.999226058333054,940.4034166694482
frame426.png,17.76639105,-25.99922635,940.4005
frame427.png,17.76639534167076,-25.999226641666947,940.3975833305518
frame428.png,17.7663995,-25.999227033333334,940.3993333333334
frame429.png,17.7664036249941,-25.999227449999402,940.4022499958277
frame430.png,17.766407799991896,-25.99922781666611,940.3991666897139
frame431.png,17.766412049995946,-25.999228108333053,940.3870833448569
frame432.png,17.7664163,-25.9992284,940.375
frame433.png,17.766420550004053,-25.999228733333652,940.3812500059605
frame434.png,17.766424800008107,-25.9992290666673,940.3875000119209
frame435.png,17.76642907500614,-25.999229425000536,940.3852499886751
frame436.png,17.766433366666668,-25.9992298,940.3773333333334
frame437.png,17.766437641662655,-25.999230166666347,940.3711666658719
frame438.png,17.76644185,-25.9992305,940.3720000000001
frame439.png,17.766446058337344,-25.99923083333365,940.3728333341281
frame440.png,17.76645033333333,-25.999231166666668,940.3746666666667
frame441.png,17.766454624993862,-25.999231499999524,940.3767499970198
frame442.png,17.766458916658483,-25.99923186666587,940.3746666825613
frame443.png,17.76646320832924,-25.999232283332937,940.3663333412807
frame444.png,17.7664675,-25.9992327,940.358
frame445.png,17.766471833337466,-25.999233033333653,940.3546666634877
frame446.png,17.766476166674934,-25.9992333666673,940.3513333269755
frame447.png,17.76648047500614,-25.999233675000415,940.3515000035762
frame448.png,17.766484766666668,-25.999233966666665,940.354
frame449.png,17.766489066662537,-25.999234274999644,940.3543333412806
frame450.png,17.7664934,-25.99923465,940.346
frame451.png,17.766497733337463,-25.999235025000356,940.3376666587194
frame452.png,17.766502166666665,-25.999235366666667,940.3246666666666
frame453.png,17.76650662499362,-25.999235699999524,940.3105000202655
frame454.png,17.76651101665848,-25.999236049999283,940.3036666587194
frame455.png,17.76651530832924,-25.99923642499964,940.3078333293597
frame456.png,17.7665196,-25.9992368,940.312
frame457.png,17.76652401667088,-25.99923713333365,940.3057499940395
frame458.png,17.766528433341755,-25.999237466667303,940.2994999880791
frame459.png,17.766532850006318,-25.999237825000538,940.2934999916554
frame460.png,17.766537266666667,-25.9992382,940.2876666666667
frame461.png,17.766541683329123,-25.99923856666635,940.2838333293597
frame462.png,17.7665461,-25.9992389,940.288
frame463.png,17.76655051667088,-25.99923923333365,940.2921666706403
frame464.png,17.766554933333335,-25.999239566666667,940.288
frame465.png,17.76655934999368,-25.999239899999523,940.2817500089407
frame466.png,17.766563799991417,-25.9992402333327,940.2748333484332
frame467.png,17.766568299995708,-25.999240566666348,940.2669166742166
frame468.png,17.7665728,-25.9992409,940.259
frame469.png,17.766577258337584,-25.999241233333652,940.2552499964237
frame470.png,17.76658171667517,-25.9992415666673,940.2514999928475
frame471.png,17.766586200006437,-25.999241925000536,940.2457499898672
frame472.png,17.766590700000002,-25.9992423,940.2386666666666
frame473.png,17.766595208329004,-25.999242658333053,940.2321666706403
frame474.png,17.76659975,-25.99924295,940.228
frame475.png,17.766604291670998,-25.999243241666946,940.2238333293596
frame476.png,17.7666088,-25.999243566666667,940.218
frame477.png,17.766613299993562,-25.999243899999524,940.2117500089406
frame478.png,17.76661783332459,-25.999244233332696,940.2070000047684
frame479.png,17.766622416662294,-25.99924456666635,940.2045000023842
frame480.png,17.766627,-25.9992449,940.202
frame481.png,17.76663150000429,-25.99924527500036,940.1874166527589
frame482.png,17.766636000008585,-25.999245650000717,940.1728333055179
frame483.png,17.766640550006557,-25.999245975000417,940.1639999928475
frame484.png,17.766645133333334,-25.999246266666667,940.159
frame485.png,17.766649708329002,-25.999246574999646,940.154750001192
frame486.png,17.766654250000002,-25.99924695,940.1535
frame487.png,17.766658791671,-25.999247325000358,940.152249998808
frame488.png,17.766663433333335,-25.999247633333333,940.1426666666667
frame489.png,17.766668099993325,-25.999247924999583,940.1310000166893
frame490.png,17.766672733324594,-25.999248249999283,940.1278333150545
frame491.png,17.766677316662296,-25.99924862499964,940.1374166575273
frame492.png,17.7666819,-25.999249,940.147
frame493.png,17.76668652500441,-25.999249291666946,940.1374166575273
frame494.png,17.76669115000882,-25.99924958333389,940.1278333150545
frame495.png,17.766695800006676,-25.999249900000475,940.1189999880792
frame496.png,17.766700466666666,-25.99925023333333,940.1106666666667
frame497.png,17.76670512499559,-25.999250558333053,940.1033333365123
frame498.png,17.76670975,-25.99925085,940.1
frame499.png,17.766714375004412,-25.999251141666946,940.0966666634878
frame500.png,17.766719033333334,-25.9992515,940.0983333333334
frame501.png,17.766723699993324,-25.999251874999462,940.1012499958276
frame502.png,17.76672834999118,-25.99925221666611,940.1036666634877
frame503.png,17.766732974995588,-25.999252508333054,940.1053333317439
frame504.png,17.7667376,-25.9992528,940.107
frame505.png,17.76674235000453,-25.999253133333653,940.1003333269755
frame506.png,17.76674710000906,-25.9992534666673,940.093666653951
frame507.png,17.766751800006677,-25.999253775000415,940.0927500041723
frame508.png,17.766756466666667,-25.999254066666666,940.0956666666666
frame509.png,17.766761108329003,-25.99925439166623,940.1019999809265
frame510.png,17.76676565,-25.99925485,940.122
frame511.png,17.766770191670997,-25.99925530833377,940.1420000190734
frame512.png,17.766774833333333,-25.9992557,940.1576666666666
frame513.png,17.766779499993323,-25.99925607499946,940.1722499791384
frame514.png,17.766784166657764,-25.999256449999283,940.1801666706403
frame515.png,17.76678883332888,-25.99925682499964,940.1780833353203
frame516.png,17.7667935,-25.9992572,940.176
frame517.png,17.76679820833782,-25.999257491666945,940.1810000047684
frame518.png,17.766802916675648,-25.99925778333389,940.1860000095368
frame519.png,17.766807650006793,-25.999258100000475,940.1874999988079
frame520.png,17.7668124,-25.99925843333333,940.1866666666667
frame521.png,17.766817141662177,-25.999258758333053,940.1864999976159
frame522.png,17.76682185,-25.99925905,940.1890000000001
frame523.png,17.766826558337826,-25.999259341666946,940.1915000023841
frame524.png,17.7668313,-25.999259666666667,940.1876666666667
frame525.png,17.766836049993206,-25.999259999999524,940.1822500077486
frame526.png,17.76684079999094,-25.999260333332696,940.1781666706403
frame527.png,17.76684554999547,-25.99926066666635,940.1760833353202
frame528.png,17.7668503,-25.999261,940.174
frame529.png,17.76685505000453,-25.999261291666947,940.1781666706403
frame530.png,17.76685980000906,-25.99926158333389,940.1823333412806
frame531.png,17.766864550006794,-25.99926185000036,940.1870000071525
frame532.png,17.7668693,-25.999262100000003,940.192
frame533.png,17.766874041662177,-25.999262358333056,940.1955833353202
frame534.png,17.76687875,-25.99926265,940.1935000000001
frame535.png,17.766883458337823,-25.999262941666945,940.1914166646799
frame536.png,17.766888233333333,-25.999263199999998,940.1893333333334
frame537.png,17.766893024993145,-25.999263449999642,940.1872500029802
frame538.png,17.766897766657767,-25.99926371666611,940.1869999952316
frame539.png,17.766902433328884,-25.999264008333054,940.1894999976158
frame540.png,17.7669071,-25.9992643,940.192
frame541.png,17.76691189167124,-25.999264591666947,940.1857499940395
frame542.png,17.766916683342473,-25.99926488333389,940.1794999880791
frame543.png,17.766921425006736,-25.9992651250003,940.1817500113249
frame544.png,17.766926133333335,-25.999265333333334,940.1896666666667
frame545.png,17.76693084999547,-25.999265549999762,940.1945833400886
frame546.png,17.7669356,-25.9992658,940.1875
frame547.png,17.76694035000453,-25.999266050000237,940.1804166599114
frame548.png,17.7669451,-25.999266266666666,940.1733333333333
frame549.png,17.766949849993207,-25.9992664749997,940.1662500101328
frame550.png,17.766954583324353,-25.999266683332934,940.1613333365123
frame551.png,17.76695929166218,-25.99926689166647,940.1596666682561
frame552.png,17.766964,-25.9992671,940.158
frame553.png,17.76696879167124,-25.99926735000024,940.1538333293597
frame554.png,17.766973583342473,-25.99926760000048,940.1496666587194
frame555.png,17.766978300006677,-25.999267850000358,940.1462499958277
frame556.png,17.766982966666667,-25.999268100000002,940.1433333333333
frame557.png,17.766987633328885,-25.999268333333173,940.1391666754087
frame558.png,17.7669923,-25.9992685,940.13
frame559.png,17.766996966671115,-25.999268666666826,940.1208333245913
frame560.png,17.767001666666665,-25.9992689,940.1076666666667
frame561.png,17.767006374993265,-25.999269149999645,940.0935000202655
frame562.png,17.767011033324593,-25.99926936666635,940.0873333222072
frame563.png,17.767015616662295,-25.999269533333173,940.0931666611036
frame564.png,17.7670202,-25.9992697,940.099
frame565.png,17.767024866671118,-25.99926990833353,940.0873333222072
frame566.png,17.767029533342235,-25.999270116667066,940.0756666444142
frame567.png,17.767034175006618,-25.99927030000024,940.0602499743701
frame568.png,17.767038799999998,-25.999270466666665,940.0423333333333
frame569.png,17.767043433328883,-25.999270633333175,940.0255000119209
frame570.png,17.7670481,-25.999270799999998,940.013
frame571.png,17.767052766671117,-25.999270966666824,940.0004999880791
frame572.png,17.767057400000002,-25.9992711,939.9983333333333
frame573.png,17.767062024993383,-25.99927122499982,939.998749999404
frame574.png,17.76706664999118,-25.999271349999763,939.9983333365122
frame575.png,17.767071274995587,-25.99927147499988,939.9966666682561
frame576.png,17.7670759,-25.9992716,939.995
frame577.png,17.76708052500441,-25.999271766666826,939.9791666515669
frame578.png,17.76708515000882,-25.999271933333652,939.9633333031336
frame579.png,17.767089800006676,-25.99927205000012,939.9497499827147
frame580.png,17.767094466666666,-25.999272133333335,939.9376666666667
frame581.png,17.767099108329003,-25.99927222499988,939.9257500107288
frame582.png,17.76710365,-25.99927235,939.9145
frame583.png,17.767108191670996,-25.99927247500012,939.9032499892711
frame584.png,17.76711273333333,-25.9992726,939.8969999999999
frame585.png,17.767117274993502,-25.99927272499982,939.8920000071525
frame586.png,17.76712183332459,-25.999272833333173,939.8835000262261
frame587.png,17.767126416662293,-25.999272916666587,939.869750013113
frame588.png,17.767131,-25.999273,939.856
frame589.png,17.767135666671116,-25.99927312500012,939.8505833281675
frame590.png,17.767140333342233,-25.999273250000236,939.8451666563351
frame591.png,17.767144875006377,-25.99927337500018,939.8287499660254
frame592.png,17.767149333333332,-25.999273499999997,939.805
frame593.png,17.767153816662294,-25.999273608333294,939.7837500107288
frame594.png,17.7671584,-25.99927365,939.7725
frame595.png,17.767162983337705,-25.999273691666705,939.7612499892712
frame596.png,17.767167533333332,-25.9992738,939.7553333333334
frame597.png,17.767172074993503,-25.99927392499982,939.7507500065566
frame598.png,17.767176616658002,-25.999274016666586,939.7466666730245
frame599.png,17.767181158329002,-25.999274058333295,939.7433333365123
frame600.png,17.7671857,-25.9992741,939.74
frame601.png,17.767190241670995,-25.999274141666707,939.7354166622957
frame602.png,17.767194783341996,-25.999274183333412,939.7308333245913
frame603.png,17.767199275006377,-25.9992742,939.717749973178
frame604.png,17.767203733333332,-25.9992742,939.699
frame605.png,17.767208199995707,-25.999274208333294,939.6832500035763
frame606.png,17.7672127,-25.99927425,939.6795
frame607.png,17.767217200004293,-25.999274291666705,939.6757499964236
frame608.png,17.767221666666668,-25.999274333333332,939.6716666666666
frame609.png,17.767226124993623,-25.999274374999942,939.6675000059604
frame610.png,17.76723058332483,-25.999274383333415,939.6620000143051
frame611.png,17.767235041662413,-25.999274341666705,939.6545000071526
frame612.png,17.7672395,-25.9992743,939.647
frame613.png,17.767243958337584,-25.9992743,939.6432499964237
frame614.png,17.76724841667517,-25.9992743,939.6394999928475
frame615.png,17.76725285000632,-25.9992743,939.6334999892712
frame616.png,17.767257266666665,-25.9992743,939.626
frame617.png,17.76726168332912,-25.999274291666705,939.6195833353202
frame618.png,17.7672661,-25.99927425,939.6175000000001
frame619.png,17.767270516670877,-25.999274208333294,939.6154166646799
frame620.png,17.7672749,-25.999274133333333,939.6103333333333
frame621.png,17.76727927499374,-25.999274050000118,939.6045000083446
frame622.png,17.767283633325068,-25.999273966666827,939.6003333365122
frame623.png,17.767287966662536,-25.999273883333412,939.5986666682561
frame624.png,17.7672923,-25.9992738,939.597
frame625.png,17.767296633337466,-25.99927367499988,939.5894999928474
frame626.png,17.76730096667493,-25.999273549999764,939.5819999856948
frame627.png,17.767305275006137,-25.99927344999988,939.5744999892712
frame628.png,17.76730956666667,-25.999273366666667,939.567
frame629.png,17.767313849995947,-25.999273283333412,939.561249998808
frame630.png,17.7673181,-25.999273199999998,939.5625
frame631.png,17.767322350004054,-25.999273116666586,939.563750001192
frame632.png,17.767326566666668,-25.999272966666666,939.56
frame633.png,17.76733077499398,-25.999272800000238,939.5550000071526
frame634.png,17.767334983325306,-25.999272650000236,939.549333346049
frame635.png,17.767339191662654,-25.99927252500012,939.5426666730244
frame636.png,17.7673434,-25.9992724,939.536
frame637.png,17.767347525003935,-25.999272191666467,939.523499988079
frame638.png,17.767351650007868,-25.999271983332935,939.5109999761581
frame639.png,17.767355725005782,-25.99927182499982,939.4907499636412
frame640.png,17.767359766666665,-25.9992717,939.4653333333333
frame641.png,17.767363816662773,-25.999271566666824,939.4440000047684
frame642.png,17.7673679,-25.999271399999998,939.4390000000001
frame643.png,17.767371983337227,-25.999271233333175,939.4339999952316
frame644.png,17.767376,-25.999271033333333,939.4313333333333
frame645.png,17.767379999994276,-25.9992708250003,939.4292500029802
frame646.png,17.76738399999237,-25.99927060000048,939.422666692098
frame647.png,17.767387999996185,-25.999270350000238,939.4093333460489
frame648.png,17.767392,-25.9992701,939.396
frame649.png,17.767395916670402,-25.99926989166647,939.4047500083446
frame650.png,17.767399833340804,-25.999269683332937,939.4135000166893
frame651.png,17.767403750005602,-25.999269424999586,939.411249986291
frame652.png,17.767407666666667,-25.999269133333335,939.4016666666666
frame653.png,17.76741155832972,-25.999268858333533,939.3933333365122
frame654.png,17.76741535,-25.999268649999998,939.39
frame655.png,17.76741914167028,-25.999268441666466,939.3866666634877
frame656.png,17.767422933333332,-25.99926813333333,939.3856666666667
frame657.png,17.767426724994575,-25.999267800000474,939.385250000596
frame658.png,17.76743048332626,-25.999267483333888,939.3801666897139
frame659.png,17.76743419166313,-25.999267191666945,939.3680833448569
frame660.png,17.7674379,-25.9992669,939.356
frame661.png,17.767441566670165,-25.999266608333055,939.3547499988078
frame662.png,17.76744523334033,-25.999266316666112,939.3534999976158
frame663.png,17.767448875005186,-25.999266024999585,939.3522499982118
frame664.png,17.7674525,-25.999265733333335,939.351
frame665.png,17.76745609999666,-25.999265441666946,939.3530833186309
frame666.png,17.767459600000002,-25.99926515,939.3685
frame667.png,17.76746310000334,-25.999264858333053,939.3839166813691
frame668.png,17.767466533333334,-25.9992645,939.379
frame669.png,17.767469949995114,-25.999264125000536,939.3690000143051
frame670.png,17.767473349993566,-25.999263783333888,939.3580000238419
frame671.png,17.767476724996783,-25.999263491666945,939.345500011921
frame672.png,17.7674801,-25.9992632,939.333
frame673.png,17.767483391669806,-25.999262783332938,939.3342500011921
frame674.png,17.767486683339612,-25.99926236666587,939.3355000023842
frame675.png,17.76748995000465,-25.999261999999526,939.3435000178814
frame676.png,17.7674932,-25.99926166666667,939.356
frame677.png,17.76749643333031,-25.999261325000358,939.3670833281676
frame678.png,17.7674996,-25.99926095,939.3725
frame679.png,17.767502766669686,-25.999260574999642,939.3779166718324
frame680.png,17.7675059,-25.999260266666667,939.3723333333334
frame681.png,17.76750902499553,-25.999259975000417,939.3640000119209
frame682.png,17.76751208332769,-25.99925963333413,939.3493333794277
frame683.png,17.767515041663845,-25.999259216667063,939.3251666897139
frame684.png,17.767518,-25.9992588,939.301
frame685.png,17.767520916669447,-25.999258466666348,939.3035000023842
frame686.png,17.767523833338895,-25.9992581333327,939.3060000047684
frame687.png,17.767526750004173,-25.999257749999405,939.3057499970198
frame688.png,17.767529666666665,-25.999257333333333,939.3036666666667
frame689.png,17.767532549997377,-25.999256925000356,939.3050833186309
frame690.png,17.7675353,-25.99925655,939.3205
frame691.png,17.767538050002624,-25.999256174999644,939.3359166813692
frame692.png,17.767540800000003,-25.999255833333333,939.3363333333334
frame693.png,17.767543549996066,-25.999255500000476,939.3330000047683
frame694.png,17.767546266661583,-25.99925513333413,939.3253333603542
frame695.png,17.76754893333079,-25.999254716667064,939.311166680177
frame696.png,17.7675516,-25.9992543,939.297
frame697.png,17.767554225002502,-25.999253924999643,939.3011666706403
frame698.png,17.767556850005008,-25.999253549999285,939.3053333412806
frame699.png,17.767559425003636,-25.999253174999463,939.3107500089407
frame700.png,17.767561966666666,-25.9992528,939.317
frame701.png,17.76756448333103,-25.999252416667066,939.3209166718324
frame702.png,17.7675669,-25.999252,939.3154999999999
frame703.png,17.767569316668972,-25.999251583332935,939.3100833281676
frame704.png,17.7675717,-25.999251233333332,939.304
frame705.png,17.767574074996602,-25.999250900000476,939.2977500089406
frame706.png,17.767576416662294,-25.999250550000717,939.2910000143052
frame707.png,17.767578708331147,-25.99925017500036,939.2835000071525
frame708.png,17.767581,-25.9992498,939.276
frame709.png,17.76758320833544,-25.99924946666635,939.2722499964237
frame710.png,17.76758541667088,-25.999249133332697,939.2684999928475
frame711.png,17.76758762500316,-25.999248799999524,939.2607499850989
frame712.png,17.767589833333332,-25.999248466666668,939.2503333333333
frame713.png,17.76759201666468,-25.99924813333365,939.2408333388964
frame714.png,17.7675941,-25.9992478,939.2349999999999
frame715.png,17.76759618333532,-25.99924746666635,939.2291666611035
frame716.png,17.767598200000002,-25.9992471,939.2293333333333
frame717.png,17.76760019999714,-25.99924672500054,939.2309999976158
frame718.png,17.76760216666301,-25.999246366667304,939.2310000047684
frame719.png,17.767604083331506,-25.99924603333365,939.2285000023842
frame720.png,17.767606,-25.9992457,939.226
frame721.png,17.76760783333508,-25.999245408333053,939.2222499964237
frame722.png,17.76760966667016,-25.99924511666611,939.2184999928475
frame723.png,17.767611500002623,-25.99924477499946,939.2109999856949
frame724.png,17.767613333333333,-25.9992444,939.201
frame725.png,17.76761514999833,-25.99924403333365,939.193
frame726.png,17.7676169,-25.9992437,939.193
frame727.png,17.76761865000167,-25.99924336666635,939.193
frame728.png,17.767620433333335,-25.999243066666665,939.1943333333334
frame729.png,17.76762222499744,-25.999242775000415,939.1959999976158
frame730.png,17.7676239499969,-25.9992424666673,939.1988333245913
frame731.png,17.76762557499845,-25.999242133333652,939.2034166622957
frame732.png,17.7676272,-25.9992418,939.208
frame733.png,17.767628866668257,-25.999241549999763,939.1971666563352
frame734.png,17.76763053333651,-25.99924129999952,939.1863333126704
frame735.png,17.767632150002264,-25.999241074999702,939.1797499946356
frame736.png,17.767633733333334,-25.999240866666668,939.176
frame737.png,17.76763530833186,-25.999240658333534,939.173
frame738.png,17.76763685,-25.999240450000002,939.173
frame739.png,17.767638391668136,-25.999240241666467,939.173
frame740.png,17.76763993333333,-25.99924,939.168
frame741.png,17.767641474997795,-25.999239750000356,939.1617500089407
frame742.png,17.76764299999714,-25.999239516667064,939.1586666634878
frame743.png,17.767644499998568,-25.999239308333532,939.1603333317439
frame744.png,17.767646,-25.9992391,939.162
frame745.png,17.767647541668136,-25.99923889166647,939.1678333388965
frame746.png,17.767649083336273,-25.999238683332937,939.1736666777929
frame747.png,17.767650575002087,-25.999238499999763,939.1719999904633
frame748.png,17.767652033333334,-25.999238333333334,939.1653333333334
frame749.png,17.767653483331983,-25.999238158333533,939.1582500083447
frame750.png,17.7676549,-25.99923795,939.1495
frame751.png,17.767656316668017,-25.999237741666466,939.1407499916553
frame752.png,17.767657766666666,-25.999237633333333,939.1366666666667
frame753.png,17.767659224997914,-25.999237550000117,939.1337500041723
frame754.png,17.767660666663964,-25.999237466666827,939.1311666706403
frame755.png,17.767662083331984,-25.999237383333412,939.1290833353202
frame756.png,17.7676635,-25.9992373,939.127
frame757.png,17.767664875001312,-25.999237258333295,939.1440833496252
frame758.png,17.767666250002623,-25.999237216666586,939.1611666992505
frame759.png,17.76766765000203,-25.999237149999882,939.1692500029802
frame760.png,17.767669066666667,-25.999237066666666,939.1713333333333
frame761.png,17.76767047499869,-25.999236991666706,939.1718333388965
frame762.png,17.76767185,-25.99923695,939.1659999999999
frame763.png,17.767673225001314,-25.999236908333295,939.1601666611035
frame764.png,17.7676746,-25.999237,939.1493333333333
frame765.png,17.767675974998035,-25.99923712499982,939.1372500172853
frame766.png,17.76767733333079,-25.999237249999762,939.1250000238418
frame767.png,17.767678666665393,-25.99923737499988,939.1125000119209
frame768.png,17.76768,-25.9992375,939.1
frame769.png,17.7676812916679,-25.999237666666826,939.1066666730245
frame770.png,17.767682583335795,-25.999237833333652,939.113333346049
frame771.png,17.767683900001906,-25.9992380250003,939.116
frame772.png,17.767685233333335,-25.999238233333333,939.116
frame773.png,17.767686574998688,-25.999238441666467,939.1165833305517
frame774.png,17.767687950000003,-25.999238650000002,939.1195
frame775.png,17.767689325001314,-25.999238858333534,939.1224166694483
frame776.png,17.767690633333334,-25.9992391,939.1246666666667
frame777.png,17.767691924998154,-25.999239349999645,939.1267499970198
frame778.png,17.76769318333103,-25.9992396333327,939.130833319823
frame779.png,17.767694391665515,-25.999239966666348,939.1379166599115
frame780.png,17.7676956,-25.9992403,939.145
frame781.png,17.76769685000119,-25.999240675000358,939.1420833305518
frame782.png,17.767698100002384,-25.999241050000716,939.1391666611036
frame783.png,17.767699275001608,-25.999241525000777,939.1385000011921
frame784.png,17.7677004,-25.999242066666667,939.1393333333333
frame785.png,17.767701549998808,-25.999242583332936,939.139916667064
frame786.png,17.7677028,-25.999243,939.1395
frame787.png,17.76770405000119,-25.999243416667063,939.139083332936
frame788.png,17.7677053,-25.9992439,939.1396666666667
frame789.png,17.767706549998213,-25.999244399999284,939.1404999988079
frame790.png,17.767707733331267,-25.999244966665394,939.1443333174387
frame791.png,17.767708816665635,-25.999245633332695,939.1526666587193
frame792.png,17.7677099,-25.9992463,939.161
frame793.png,17.767711025001073,-25.999246925000595,939.1497499892711
frame794.png,17.767712150002144,-25.99924755000119,939.1384999785423
frame795.png,17.767713275001608,-25.999248200000952,939.14475002563
frame796.png,17.7677144,-25.999248866666665,939.1626666666667
frame797.png,17.767715499999046,-25.99924955833258,939.1780833281676
frame798.png,17.7677165,-25.99925035,939.1835000000001
frame799.png,17.767717500000952,-25.999251141667422,939.1889166718324
frame800.png,17.767718533333333,-25.9992519,939.1856666666667
frame801.png,17.76771957499851,-25.99925264999893,939.1802500077487
frame802.png,17.76772061666468,-25.99925344999833,939.1794999880791
frame803.png,17.76772165833234,-25.999254324999168,939.1857499940395
frame804.png,17.7677227,-25.9992552,939.192
frame805.png,17.767723616667542,-25.999256075000833,939.1865833281676
frame806.png,17.767724533335084,-25.99925695000167,939.1811666563351
frame807.png,17.767725425001252,-25.99925785000131,939.1812500053644
frame808.png,17.7677263,-25.999258766666667,939.185
frame809.png,17.76772716666587,-25.999259699999048,939.1868333388965
frame810.png,17.767727999999998,-25.9992607,939.181
frame811.png,17.76772883333413,-25.999261700000954,939.1751666611035
frame812.png,17.7677296,-25.9992627,939.1706666666666
frame813.png,17.767730349998928,-25.99926369999857,939.1665000059604
frame814.png,17.767731099998567,-25.999264699998093,939.1596666873296
frame815.png,17.767731849999283,-25.999265699999047,939.1488333436648
frame816.png,17.7677326,-25.9992667,939.138
frame817.png,17.767733266667303,-25.999267783334368,939.1388333341281
frame818.png,17.767733933334604,-25.999268866668736,939.1396666682562
frame819.png,17.767734575000894,-25.99926997500161,939.1410000023842
frame820.png,17.7677352,-25.9992711,939.1426666666666
frame821.png,17.767735824999402,-25.99927223333222,939.1433333365122
frame822.png,17.76773645,-25.9992734,939.14
frame823.png,17.767737075000596,-25.99927456666778,939.1366666634877
frame824.png,17.7677376,-25.9992757,939.1329999999999
frame825.png,17.767738099999285,-25.999276824998393,939.1292500053644
frame826.png,17.767738616665632,-25.99927798333103,939.1248333436648
frame827.png,17.767739158332816,-25.999279191665515,939.1194166718324
frame828.png,17.7677397,-25.9992804,939.114
frame829.png,17.767740116667063,-25.999281608334485,939.1110833305518
frame830.png,17.76774053333413,-25.99928281666897,939.1081666611035
frame831.png,17.76774092500054,-25.99928400000167,939.1064999988079
frame832.png,17.7677413,-25.999285166666667,939.1056666666667
frame833.png,17.767741649999763,-25.99928634999881,939.1040833377043
frame834.png,17.7677419,-25.9992876,939.0995
